<?xml version="1.0" encoding="UTF-8"?>
<beans xmlns="http://www.springframework.org/schema/beans"
	xmlns:xsi="http://www.w3.org/2001/XMLSchema-instance"
	xmlns:aop="http://www.springframework.org/schema/aop"
	xmlns:context="http://www.springframework.org/schema/context"
	xmlns:p="http://www.springframework.org/schema/p"
	xsi:schemaLocation="http://www.springframework.org/schema/beans http://www.springframework.org/schema/beans/spring-beans.xsd
		http://www.springframework.org/schema/context http://www.springframework.org/schema/context/spring-context-4.2.xsd
		http://www.springframework.org/schema/aop http://www.springframework.org/schema/aop/spring-aop-4.1.xsd">


	<!-- 단순한 bean 등록 외에도 트렌젝션 관리,예외처리,다국어 처리 등 복잡하고 다양한 설전이 필요 이런 모든 설정을 하나의 
		파일로 모두 처리 할수 있지만 복잡 하므로 기능별 여러 xml 파일로 나누어 설정하는 것이 더 효율적 이렇게 분리된 설정 파일을 하나로 
		통합할때 <import> 사용 context-datasource.xml <import resource="context-datasource.xml"/> 
		context-transaction.xml <import resource="context-datasource.xml"/> -->


	<context:component-scan
		base-package="com.ai5.biz"></context:component-scan>

<!-- <bean id="log" class="com.ai5.biz.common.LogAdvice2"></bean>

	<aop:config>
	<aop:pointcut expression="execution(* com.ai5.biz..*impl.*(..))" id="allPointCut"/>
	<aop:aspect ref="log">
	<aop:before method="printlog" pointcut-ref="allPointCut" />
	</aop:aspect>
	</aop:config> -->
	
<!-- 	 <bean id="log" class="com.ai5.biz.common.LogAdvice"></bean>  -->
	 <bean id="log" class="com.ai5.biz.common.LogAdvice2"></bean>

	<aop:config>
		<aop:pointcut id="allPointCut"
			expression="execution(* com.ai5.biz..*Impl.*(..))" />
		<aop:aspect ref="log">
			<aop:after method="printLog" pointcut-ref="allPointCut" />
		</aop:aspect>
	</aop:config>
	




	<!-- <bean id="stv" class="com.ai5.biz.SamsungTV"> -->

	<!-- <constructor-arg index ="0" ref="sony"></constructor-arg> -->
	<!-- <constructor-arg index ="0" ref="apple"></constructor-arg> <constructor-arg 
		index ="1" value="600000"></constructor-arg> -->
	<!-- <property name="speaker" ref="apple"></property> -->
	<!-- <property name="price" value="700"></property> -->
	<!-- </bean> -->




	<!-- <bean id="sony" class="com.ai5.biz.SonySpeaker"></bean> -->
	<!-- <bean id="apple" class="com.ai5.biz.AppleSpeaker"></bean> -->
</beans>